BEGIN TRANSACTION;
CREATE TABLE IF NOT EXISTS "Sucursales" (
	"id_sucursal"	INTEGER NOT NULL,
	"nombre"	text NOT NULL,
	"direccion"	text NOT NULL,
	"telefono"	text NOT NULL,
	PRIMARY KEY("id_sucursal" AUTOINCREMENT)
);
CREATE TABLE IF NOT EXISTS "vendedores" (
	"id_vendedor"	INTEGER NOT NULL,
	"nombre"	text NOT NULL,
	"apellido"	text NOT NULL,
	"edad"	INTEGER NOT NULL,
	"direccion"	text NOT NULL,
	"id_sucursal"	integer,
	PRIMARY KEY("id_vendedor" AUTOINCREMENT),
	FOREIGN KEY("id_sucursal") REFERENCES "Sucursales"("id_sucursal")
);
CREATE TABLE IF NOT EXISTS "Clientes" (
	"id_cliente"	INTEGER NOT NULL,
	"nombre"	text NOT NULL,
	"apellido"	text NOT NULL,
	"edad"	INTEGER NOT NULL,
	"direccion"	text NOT NULL,
	"telefono"	text NOT NULL,
	"correo"	text NOT NULL,
	PRIMARY KEY("id_cliente" AUTOINCREMENT)
);
CREATE TABLE IF NOT EXISTS "Automoviles" (
	"id_auto"	INTEGER NOT NULL,
	"marca"	text NOT NULL,
	"modelo"	text NOT NULL,
	"anio"	datetime NOT NULL,
	"color"	text NOT NULL,
	"tipo_combustible"	 NOT NULL,
	"transmision"	text NOT NULL,
	"id_sucursal"	INTEGER,
	PRIMARY KEY("id_auto" AUTOINCREMENT),
	FOREIGN KEY("id_sucursal") REFERENCES "Sucursales"("id_sucursal")
);
CREATE TABLE IF NOT EXISTS "Ventas" (
	"ID_venta"	INTEGER,
	"ID_vendedor"	INTEGER,
	"ID_auto"	INT,
	"ID_cliente"	INTEGER,
	"precio"	real,
	"metodo_pago"	text,
	"fecha_compra"	DATE,
	"ID_sucursal"	INTEGER,
	PRIMARY KEY("ID_venta" AUTOINCREMENT),
	FOREIGN KEY("ID_vendedor") REFERENCES "Vendedores"("ID_vendedor"),
	FOREIGN KEY("ID_sucursal") REFERENCES "Sucursales"("ID_sucursal"),
	FOREIGN KEY("ID_auto") REFERENCES "Automoviles"("Id_auto"),
	FOREIGN KEY("ID_cliente") REFERENCES "Clientes"("ID_cliente")
);
INSERT INTO "Sucursales" VALUES (1,'Nuñez','PO Box 27517','629 506 9157');
INSERT INTO "Sucursales" VALUES (2,'Nordelta','Room 1786','644 922 4490');
INSERT INTO "Sucursales" VALUES (3,'Escobar','PO Box 11746','822 530 4972');
INSERT INTO "Sucursales" VALUES (4,'Devoto','15th Floor','159 968 1549');
INSERT INTO "Sucursales" VALUES (5,'Belgrano','20th Floor','781 680 0723');
INSERT INTO "Sucursales" VALUES (6,'Once','Suite 62','168 269 5408');
INSERT INTO "Sucursales" VALUES (7,'Palermo','PO Box 17435','630 827 7834');
INSERT INTO "Sucursales" VALUES (8,'Colegiales','6th Floor','742 416 1099');
INSERT INTO "Sucursales" VALUES (9,'Saavedra','PO Box 80242','655 812 5592');
INSERT INTO "Sucursales" VALUES (10,'Benavidez','PO Box 32474','990 974 9054');
INSERT INTO "vendedores" VALUES (1,'Missy','Eccles',31,'3907 Karstens Avenue',4);
INSERT INTO "vendedores" VALUES (2,'Harry','Kingzett',50,'736 Anniversary Point',5);
INSERT INTO "vendedores" VALUES (3,'Bartram','Ciottoi',50,'32712 Longview Circle',8);
INSERT INTO "vendedores" VALUES (4,'Darcie','Abrahams',49,'161 Butterfield Way',6);
INSERT INTO "vendedores" VALUES (5,'Joyann','Tennison',22,'6187 Superior Crossing',8);
INSERT INTO "vendedores" VALUES (6,'Cosetta','Press',41,'62610 Forest Trail',2);
INSERT INTO "vendedores" VALUES (7,'Cloris','Freen',26,'96421 Basil Point',7);
INSERT INTO "vendedores" VALUES (8,'Loree','Blenkensop',57,'57780 Superior Park',2);
INSERT INTO "vendedores" VALUES (9,'Velvet','Wagg',30,'46 Marquette Circle',9);
INSERT INTO "vendedores" VALUES (10,'Lorrayne','Vogt',49,'380 Veith Pass',10);
INSERT INTO "vendedores" VALUES (11,'Emmit','Torrese',57,'64 Burning Wood Avenue',9);
INSERT INTO "vendedores" VALUES (12,'Johanna','Knobell',25,'2 Debs Way',8);
INSERT INTO "vendedores" VALUES (13,'Winn','Charlick',53,'6455 Mayfield Court',10);
INSERT INTO "vendedores" VALUES (14,'Mal','Tubridy',44,'947 Ridge Oak Hill',3);
INSERT INTO "vendedores" VALUES (15,'Ingaborg','Louden',41,'57451 Melrose Court',8);
INSERT INTO "vendedores" VALUES (16,'Xerxes','McCurtain',48,'894 Division Street',7);
INSERT INTO "vendedores" VALUES (17,'Elicia','Rogliero',26,'7396 Scott Plaza',7);
INSERT INTO "vendedores" VALUES (18,'Veronique','Beran',34,'28263 Porter Terrace',6);
INSERT INTO "vendedores" VALUES (19,'Mufi','Camier',51,'74731 Village Parkway',9);
INSERT INTO "vendedores" VALUES (20,'Wallis','Garber',28,'28 Pawling Avenue',8);
INSERT INTO "vendedores" VALUES (21,'Eamon','Spurgin',57,'0700 Eagan Alley',1);
INSERT INTO "vendedores" VALUES (22,'Rurik','Phillipson',22,'1 Portage Parkway',10);
INSERT INTO "vendedores" VALUES (23,'Randall','Kielt',57,'2900 Forest Dale Park',8);
INSERT INTO "vendedores" VALUES (24,'Rene','Kelston',32,'23630 Barby Lane',9);
INSERT INTO "vendedores" VALUES (25,'Bendick','Tripe',20,'70 Oriole Plaza',2);
INSERT INTO "vendedores" VALUES (26,'Anabelle','Leek',54,'68 Stang Drive',1);
INSERT INTO "vendedores" VALUES (27,'Robinette','Silverthorn',24,'8667 Barby Lane',3);
INSERT INTO "vendedores" VALUES (28,'Jocelyn','Howsan',26,'6606 Bultman Junction',7);
INSERT INTO "vendedores" VALUES (29,'Reinaldo','Filip',38,'7 Hagan Trail',3);
INSERT INTO "vendedores" VALUES (30,'Rosette','Cheevers',34,'4451 Mayfield Terrace',4);
INSERT INTO "vendedores" VALUES (31,'Levey','Torrent',51,'6331 Luster Pass',1);
INSERT INTO "vendedores" VALUES (32,'Wendel','Eacott',20,'15 Arizona Plaza',1);
INSERT INTO "vendedores" VALUES (33,'Kettie','Gutowski',54,'2980 Pond Lane',9);
INSERT INTO "vendedores" VALUES (34,'Felisha','Barsham',49,'47 Ruskin Park',1);
INSERT INTO "vendedores" VALUES (35,'Gilberte','Purtell',58,'1297 Buhler Circle',1);
INSERT INTO "vendedores" VALUES (36,'Gay','Dehn',34,'722 Charing Cross Alley',3);
INSERT INTO "vendedores" VALUES (37,'Roanne','Manoelli',27,'48 Vidon Park',10);
INSERT INTO "vendedores" VALUES (38,'Angeline','Dell ''Orto',37,'85242 Duke Road',6);
INSERT INTO "vendedores" VALUES (39,'Grove','Haldene',21,'532 Corben Circle',5);
INSERT INTO "vendedores" VALUES (40,'Caressa','Franek',20,'2424 Bultman Plaza',6);
INSERT INTO "Clientes" VALUES (1,'Nicoline','Trustie',56,'7 Marquette Avenue','607 502 2663','ntrustie0@people.com.cn');
INSERT INTO "Clientes" VALUES (2,'Neddy','Kelberman',65,'388 Hoard Hill','693 146 4070','nkelberman1@apple.com');
INSERT INTO "Clientes" VALUES (3,'Melessa','Scrimgeour',60,'095 Katie Point','248 723 1532','mscrimgeour2@rambler.ru');
INSERT INTO "Clientes" VALUES (4,'Taddeusz','Greatbach',74,'86596 Paget Hill','311 997 9450','tgreatbach3@bbb.org');
INSERT INTO "Clientes" VALUES (5,'Dita','Ridgers',50,'4664 Ridgeview Street','605 254 3816','dridgers4@nationalgeographic.com');
INSERT INTO "Clientes" VALUES (6,'Minetta','Aspital',44,'0 Reinke Junction','720 679 8095','maspital5@typepad.com');
INSERT INTO "Clientes" VALUES (7,'Hadrian','Luto',34,'0526 Fairview Point','467 760 7812','hluto6@wikimedia.org');
INSERT INTO "Clientes" VALUES (8,'Otha','Saben',42,'08 Rusk Road','840 128 2120','osaben7@nationalgeographic.com');
INSERT INTO "Clientes" VALUES (9,'Trenton','Gaythor',52,'66802 Thierer Alley','523 193 6383','tgaythor8@addtoany.com');
INSERT INTO "Clientes" VALUES (10,'Steffie','Fronek',57,'077 Southridge Road','933 165 1515','sfronek9@wikimedia.org');
INSERT INTO "Clientes" VALUES (11,'Stefanie','Sargood',72,'9 Linden Point','164 228 1219','ssargooda@businessinsider.com');
INSERT INTO "Clientes" VALUES (12,'Galven','Tyers',79,'46 Superior Drive','229 958 0382','gtyersb@microsoft.com');
INSERT INTO "Clientes" VALUES (13,'Helenelizabeth','Huyge',66,'8 Bayside Terrace','840 369 1790','hhuygec@pen.io');
INSERT INTO "Clientes" VALUES (14,'Salomo','Mohun',48,'061 Barby Hill','953 838 3486','smohund@ed.gov');
INSERT INTO "Clientes" VALUES (15,'Currey','Eeles',68,'452 Lotheville Junction','361 154 0490','ceelese@weibo.com');
INSERT INTO "Clientes" VALUES (16,'Delia','Itzchaky',54,'6 Manitowish Center','632 457 9884','ditzchakyf@cafepress.com');
INSERT INTO "Clientes" VALUES (17,'Mable','Brockington',49,'08515 Pond Center','412 758 3214','mbrockingtong@nyu.edu');
INSERT INTO "Clientes" VALUES (18,'Alverta','Lambotin',34,'66 Stang Hill','112 316 9482','alambotinh@webs.com');
INSERT INTO "Clientes" VALUES (19,'Hershel','Kayser',50,'147 Cascade Terrace','408 172 4145','hkayseri@rambler.ru');
INSERT INTO "Clientes" VALUES (20,'Delphinia','Trembey',24,'19 Acker Crossing','279 371 9218','dtrembeyj@vistaprint.com');
INSERT INTO "Clientes" VALUES (21,'Timotheus','Fillery',21,'54 Lukken Circle','848 474 2085','tfilleryk@e-recht24.de');
INSERT INTO "Clientes" VALUES (22,'Theressa','Dhillon',70,'55 Transport Center','947 894 6518','tdhillonl@springer.com');
INSERT INTO "Clientes" VALUES (23,'Sinclare','Byram',45,'195 Rieder Street','149 478 4577','sbyramm@paypal.com');
INSERT INTO "Clientes" VALUES (24,'Kaila','Prangley',26,'99 Scofield Center','639 550 1826','kprangleyn@mail.ru');
INSERT INTO "Clientes" VALUES (25,'Danielle','Lintin',41,'4 Bluejay Place','339 918 5189','dlintino@skype.com');
INSERT INTO "Clientes" VALUES (26,'Nanete','Cappleman',64,'678 Thackeray Court','947 441 6543','ncapplemanp@nbcnews.com');
INSERT INTO "Clientes" VALUES (27,'Baird','Slyme',55,'8 Vidon Hill','862 715 7378','bslymeq@va.gov');
INSERT INTO "Clientes" VALUES (28,'Sauncho','Fairbank',23,'87 Lotheville Place','562 960 9629','sfairbankr@parallels.com');
INSERT INTO "Clientes" VALUES (29,'Washington','Nice',54,'303 Elmside Street','948 951 9672','wnices@disqus.com');
INSERT INTO "Clientes" VALUES (30,'Bendick','Tackett',42,'146 Messerschmidt Trail','565 361 9032','btackettt@plala.or.jp');
INSERT INTO "Clientes" VALUES (31,'Waldo','Davidavidovics',23,'9 6th Street','355 283 8994','wdavidavidovicsu@furl.net');
INSERT INTO "Clientes" VALUES (32,'Dag','Davidde',36,'86 Charing Cross Circle','254 856 5263','ddaviddev@scientificamerican.com');
INSERT INTO "Clientes" VALUES (33,'Lambert','Casson',68,'7 Melvin Circle','114 849 6685','lcassonw@bloomberg.com');
INSERT INTO "Clientes" VALUES (34,'Elvira','Everest',78,'41604 Hayes Lane','483 349 3126','eeverestx@aol.com');
INSERT INTO "Clientes" VALUES (35,'Donnie','De Ferraris',70,'6563 Badeau Road','569 446 1015','ddeferrarisy@yale.edu');
INSERT INTO "Clientes" VALUES (36,'Ev','Gallaccio',59,'52 Hayes Road','832 187 5815','egallaccioz@webs.com');
INSERT INTO "Clientes" VALUES (37,'Binny','Strangeway',31,'617 Monica Parkway','530 950 4491','bstrangeway10@usgs.gov');
INSERT INTO "Clientes" VALUES (38,'Beauregard','Hawney',42,'8120 Canary Point','606 767 1945','bhawney11@imgur.com');
INSERT INTO "Clientes" VALUES (39,'Ambrose','Fielding',76,'93960 Sullivan Place','595 553 8024','afielding12@instagram.com');
INSERT INTO "Clientes" VALUES (40,'Sophronia','Johantges',72,'669 Cherokee Parkway','691 729 6755','sjohantges13@stanford.edu');
INSERT INTO "Automoviles" VALUES (1,'Dodge','Ram Wagon B150',1994,'Indigo','Diesel','Manual',1);
INSERT INTO "Automoviles" VALUES (2,'Subaru','Legacy',1991,'Aquamarine','Nafta','Automatico',2);
INSERT INTO "Automoviles" VALUES (3,'Dodge','Ram 2500',2009,'Green','Electrico','Automatico',8);
INSERT INTO "Automoviles" VALUES (4,'Toyota','Prius',2004,'Goldenrod','Nafta','Automatico',9);
INSERT INTO "Automoviles" VALUES (5,'Jaguar','XJ Series',2001,'Yellow','Nafta','Manual',9);
INSERT INTO "Automoviles" VALUES (6,'Volkswagen','Quantum',1984,'Khaki','Nafta','Manual',10);
INSERT INTO "Automoviles" VALUES (7,'Mitsubishi','Lancer',2003,'Teal','Nafta','Manual',10);
INSERT INTO "Automoviles" VALUES (8,'Buick','Park Avenue',2003,'Green','Electrico','Automatico',1);
INSERT INTO "Automoviles" VALUES (9,'Pontiac','Grand Prix',1974,'Khaki','Electrico','Automatico',5);
INSERT INTO "Automoviles" VALUES (10,'Oldsmobile','Bravada',2000,'Orange','Diesel','Manual',2);
INSERT INTO "Automoviles" VALUES (11,'Volkswagen','Passat',1988,'Indigo','Diesel','Manual',8);
INSERT INTO "Automoviles" VALUES (12,'Volvo','V50',2011,'Green','Diesel','Manual',8);
INSERT INTO "Automoviles" VALUES (13,'Daewoo','Leganza',2002,'Yellow','Diesel','Manual',4);
INSERT INTO "Automoviles" VALUES (14,'Nissan','Versa',2011,'Crimson','Diesel','Automatico',10);
INSERT INTO "Automoviles" VALUES (15,'Buick','Riviera',1992,'Maroon','Nafta','Automatico',6);
INSERT INTO "Automoviles" VALUES (16,'Honda','Civic',2004,'Pink','Nafta','Automatico',1);
INSERT INTO "Automoviles" VALUES (17,'BMW','X5',2013,'Yellow','Electrico','Automatico',7);
INSERT INTO "Automoviles" VALUES (18,'Plymouth','Sundance',1992,'Crimson','Diesel','Automatico',6);
INSERT INTO "Automoviles" VALUES (19,'Audi','A8',2001,'Yellow','Nafta','Manual',6);
INSERT INTO "Automoviles" VALUES (20,'Lexus','GX',2008,'Aquamarine','Nafta','Automatico',1);
INSERT INTO "Automoviles" VALUES (21,'Cadillac','Fleetwood',1996,'Mauv','Diesel','Manual',9);
INSERT INTO "Automoviles" VALUES (22,'Ford','F-Series Super Duty',2011,'Aquamarine','Electrico','Manual',4);
INSERT INTO "Automoviles" VALUES (23,'Chevrolet','Blazer',1992,'Orange','Electrico','Manual',1);
INSERT INTO "Automoviles" VALUES (24,'Mitsubishi','Pajero',1988,'Teal','Electrico','Manual',5);
INSERT INTO "Automoviles" VALUES (25,'Ford','ZX2',2001,'Blue','Diesel','Automatico',2);
INSERT INTO "Automoviles" VALUES (26,'Plymouth','Colt Vista',1993,'Maroon','Electrico','Manual',8);
INSERT INTO "Automoviles" VALUES (27,'Lexus','LS',1991,'Crimson','Electrico','Automatico',4);
INSERT INTO "Automoviles" VALUES (28,'Dodge','Ram Van 2500',1995,'Turquoise','Diesel','Automatico',10);
INSERT INTO "Automoviles" VALUES (29,'Volvo','XC70',2003,'Crimson','Electrico','Manual',9);
INSERT INTO "Automoviles" VALUES (30,'Suzuki','X-90',1996,'Purple','Nafta','Manual',3);
INSERT INTO "Automoviles" VALUES (31,'Chrysler','Town & Country',1995,'Khaki','Diesel','Automatico',9);
INSERT INTO "Automoviles" VALUES (32,'Mercury','Topaz',1990,'Orange','Electrico','Automatico',4);
INSERT INTO "Automoviles" VALUES (33,'Mercedes-Benz','SLK-Class',2003,'Aquamarine','Nafta','Manual',9);
INSERT INTO "Automoviles" VALUES (34,'Pontiac','Sunbird',1989,'Aquamarine','Diesel','Automatico',10);
INSERT INTO "Automoviles" VALUES (35,'Land Rover','Range Rover',2010,'Yellow','Electrico','Manual',6);
INSERT INTO "Automoviles" VALUES (36,'Lexus','CT',2011,'Pink','Diesel','Automatico',8);
INSERT INTO "Automoviles" VALUES (37,'Ford','Windstar',1999,'Turquoise','Electrico','Automatico',1);
INSERT INTO "Automoviles" VALUES (38,'Ford','Thunderbird',1986,'Purple','Electrico','Automatico',9);
INSERT INTO "Automoviles" VALUES (39,'Honda','Civic',1994,'Red','Nafta','Manual',4);
INSERT INTO "Automoviles" VALUES (40,'Lincoln','Navigator L',2010,'Indigo','Diesel','Manual',1);
INSERT INTO "Automoviles" VALUES (41,'Toyota','Corolla',1998,'Teal','Electrico','Manual',10);
INSERT INTO "Automoviles" VALUES (42,'BMW','530',2002,'Teal','Diesel','Automatico',3);
INSERT INTO "Automoviles" VALUES (43,'Lotus','Elan',1993,'Green','Diesel','Automatico',4);
INSERT INTO "Automoviles" VALUES (44,'Hyundai','Entourage',2007,'Crimson','Electrico','Manual',6);
INSERT INTO "Automoviles" VALUES (45,'Mitsubishi','GTO',1991,'Puce','Electrico','Automatico',10);
INSERT INTO "Automoviles" VALUES (46,'Ford','Fusion',2010,'Khaki','Diesel','Manual',1);
INSERT INTO "Automoviles" VALUES (47,'GMC','Savana',2007,'Red','Nafta','Automatico',4);
INSERT INTO "Automoviles" VALUES (48,'Chrysler','Cirrus',2000,'Puce','Diesel','Automatico',6);
INSERT INTO "Automoviles" VALUES (49,'Scion','xB',2009,'Khaki','Diesel','Automatico',3);
INSERT INTO "Automoviles" VALUES (50,'Infiniti','Q',2002,'Green','Electrico','Manual',3);
INSERT INTO "Automoviles" VALUES (51,'Nissan','Maxima',2001,'Orange','Nafta','Manual',1);
INSERT INTO "Automoviles" VALUES (52,'Pontiac','Firefly',1990,'Violet','Nafta','Manual',4);
INSERT INTO "Automoviles" VALUES (53,'Land Rover','Discovery',2006,'Pink','Nafta','Manual',9);
INSERT INTO "Automoviles" VALUES (54,'Chevrolet','Express 1500',2011,'Crimson','Electrico','Manual',10);
INSERT INTO "Automoviles" VALUES (55,'Land Rover','Range Rover',1995,'Puce','Diesel','Automatico',6);
INSERT INTO "Automoviles" VALUES (56,'Volkswagen','New Beetle',2003,'Aquamarine','Nafta','Manual',7);
INSERT INTO "Automoviles" VALUES (57,'Land Rover','Discovery',2011,'Aquamarine','Nafta','Manual',7);
INSERT INTO "Automoviles" VALUES (58,'Ford','Club Wagon',1996,'Red','Nafta','Automatico',8);
INSERT INTO "Automoviles" VALUES (59,'Lincoln','MKS',2012,'Maroon','Electrico','Automatico',8);
INSERT INTO "Automoviles" VALUES (60,'Mercedes-Benz','R-Class',2009,'Yellow','Electrico','Manual',7);
INSERT INTO "Automoviles" VALUES (61,'Ford','Expedition',2005,'Khaki','Diesel','Automatico',4);
INSERT INTO "Automoviles" VALUES (62,'Chevrolet','3500',2000,'Violet','Nafta','Manual',5);
INSERT INTO "Automoviles" VALUES (63,'Isuzu','Hombre',2000,'Maroon','Diesel','Manual',6);
INSERT INTO "Automoviles" VALUES (64,'Chevrolet','Aveo',2009,'Orange','Electrico','Manual',4);
INSERT INTO "Automoviles" VALUES (65,'Audi','A6',2004,'Pink','Diesel','Automatico',1);
INSERT INTO "Automoviles" VALUES (66,'Cadillac','CTS',2009,'Blue','Diesel','Manual',4);
INSERT INTO "Automoviles" VALUES (67,'Mercury','Villager',1995,'Mauv','Diesel','Automatico',3);
INSERT INTO "Automoviles" VALUES (68,'Lexus','ES',1991,'Khaki','Electrico','Automatico',2);
INSERT INTO "Automoviles" VALUES (69,'Chevrolet','Express 2500',2007,'Purple','Diesel','Manual',8);
INSERT INTO "Automoviles" VALUES (70,'Honda','Fit',2010,'Khaki','Electrico','Automatico',4);
INSERT INTO "Automoviles" VALUES (71,'Lexus','HS',2010,'Indigo','Nafta','Automatico',5);
INSERT INTO "Automoviles" VALUES (72,'Mazda','Miata MX-5',2011,'Indigo','Electrico','Manual',10);
INSERT INTO "Automoviles" VALUES (73,'Volkswagen','Cabriolet',2001,'Yellow','Electrico','Automatico',6);
INSERT INTO "Automoviles" VALUES (74,'Chevrolet','2500',1995,'Teal','Nafta','Automatico',9);
INSERT INTO "Automoviles" VALUES (75,'Audi','Allroad',2005,'Fuscia','Diesel','Automatico',5);
INSERT INTO "Automoviles" VALUES (76,'Mercedes-Benz','CL-Class',2009,'Blue','Electrico','Manual',8);
INSERT INTO "Automoviles" VALUES (77,'Land Rover','Range Rover',2006,'Yellow','Electrico','Automatico',7);
INSERT INTO "Automoviles" VALUES (78,'Volvo','V70',2007,'Khaki','Nafta','Automatico',4);
INSERT INTO "Automoviles" VALUES (79,'Infiniti','G',2000,'Mauv','Diesel','Automatico',3);
INSERT INTO "Automoviles" VALUES (80,'Chrysler','Prowler',2001,'Goldenrod','Diesel','Manual',9);
INSERT INTO "Automoviles" VALUES (81,'Chevrolet','Camaro',1967,'Green','Diesel','Manual',7);
INSERT INTO "Automoviles" VALUES (82,'Ford','F350',2000,'Red','Diesel','Manual',8);
INSERT INTO "Automoviles" VALUES (83,'Chrysler','300M',2002,'Turquoise','Electrico','Manual',8);
INSERT INTO "Automoviles" VALUES (84,'Mercury','Sable',1998,'Maroon','Nafta','Manual',2);
INSERT INTO "Automoviles" VALUES (85,'Mazda','B2600',1989,'Goldenrod','Diesel','Manual',5);
INSERT INTO "Automoviles" VALUES (86,'Toyota','Paseo',1995,'Blue','Diesel','Manual',9);
INSERT INTO "Automoviles" VALUES (87,'Dodge','Ram 1500',2005,'Red','Diesel','Automatico',10);
INSERT INTO "Automoviles" VALUES (88,'Dodge','Grand Caravan',2010,'Pink','Nafta','Manual',4);
INSERT INTO "Automoviles" VALUES (89,'Porsche','Boxster',1997,'Indigo','Electrico','Automatico',7);
INSERT INTO "Automoviles" VALUES (90,'Chevrolet','G-Series 2500',1996,'Crimson','Nafta','Manual',1);
INSERT INTO "Automoviles" VALUES (91,'Nissan','Frontier',2012,'Indigo','Nafta','Manual',4);
INSERT INTO "Automoviles" VALUES (92,'Honda','Pilot',2003,'Maroon','Electrico','Manual',10);
INSERT INTO "Automoviles" VALUES (93,'Ford','GT',2006,'Crimson','Nafta','Automatico',5);
INSERT INTO "Automoviles" VALUES (94,'Chevrolet','Corvette',1969,'Puce','Diesel','Manual',4);
INSERT INTO "Automoviles" VALUES (95,'Hyundai','Scoupe',1992,'Teal','Diesel','Automatico',9);
INSERT INTO "Automoviles" VALUES (96,'Mitsubishi','Galant',1996,'Pink','Nafta','Manual',10);
INSERT INTO "Automoviles" VALUES (97,'Volkswagen','New Beetle',2010,'Red','Nafta','Manual',3);
INSERT INTO "Automoviles" VALUES (98,'Porsche','928',1989,'Purple','Diesel','Automatico',2);
INSERT INTO "Automoviles" VALUES (99,'Suzuki','Esteem',2001,'Khaki','Nafta','Manual',8);
INSERT INTO "Automoviles" VALUES (100,'Maserati','GranSport',2005,'Purple','Nafta','Manual',10);
INSERT INTO "Ventas" VALUES (1,17,93,9,10311.77,'Transferencia','2023-01-25',6);
INSERT INTO "Ventas" VALUES (2,35,96,31,24197.03,'Transferencia','2022-12-19',1);
INSERT INTO "Ventas" VALUES (3,9,50,9,96717.42,'Efectivo','2024-02-22',8);
INSERT INTO "Ventas" VALUES (4,13,38,8,143948.54,'Cheque','2023-06-28',10);
INSERT INTO "Ventas" VALUES (5,35,10,15,37127.53,'Efectivo','2021-03-13',2);
INSERT INTO "Ventas" VALUES (6,12,68,38,69858.88,'Cuenta Corriente','2022-09-07',9);
INSERT INTO "Ventas" VALUES (7,33,26,31,92500.29,'Cheque','2021-01-23',10);
INSERT INTO "Ventas" VALUES (8,9,58,10,18313.18,'Cheque','2022-07-25',10);
INSERT INTO "Ventas" VALUES (9,39,16,17,90666.57,'Cuenta Corriente','2023-12-12',7);
INSERT INTO "Ventas" VALUES (10,19,60,19,111746.6,'Efectivo','2024-01-26',8);
INSERT INTO "Ventas" VALUES (11,39,67,33,123289.0,'Transferencia','2022-09-14',3);
INSERT INTO "Ventas" VALUES (12,32,62,39,102621.94,'Cuenta Corriente','2020-09-04',5);
INSERT INTO "Ventas" VALUES (13,4,67,12,146138.28,'Transferencia','2023-02-12',4);
INSERT INTO "Ventas" VALUES (14,33,100,20,102083.44,'Efectivo','2020-10-17',2);
INSERT INTO "Ventas" VALUES (15,40,77,36,37476.65,'Transferencia','2024-03-02',8);
INSERT INTO "Ventas" VALUES (16,24,33,5,32134.77,'Efectivo','2023-07-18',4);
INSERT INTO "Ventas" VALUES (17,11,15,36,129628.07,'Cheque','2023-05-10',6);
INSERT INTO "Ventas" VALUES (18,37,13,39,127778.55,'Cheque','2020-04-10',2);
INSERT INTO "Ventas" VALUES (19,29,15,35,40213.56,'Cuenta Corriente','2023-10-13',3);
INSERT INTO "Ventas" VALUES (20,18,18,28,86159.43,'Cheque','2022-07-29',6);
INSERT INTO "Ventas" VALUES (21,39,32,14,34587.93,'Cheque','2020-08-12',4);
INSERT INTO "Ventas" VALUES (22,26,13,35,59637.71,'Transferencia','2022-05-22',5);
INSERT INTO "Ventas" VALUES (23,40,95,14,57805.53,'Efectivo','2020-12-18',7);
INSERT INTO "Ventas" VALUES (24,21,62,12,12345.64,'Efectivo','2022-12-06',2);
INSERT INTO "Ventas" VALUES (25,14,25,4,109278.95,'Transferencia','2022-05-09',5);
INSERT INTO "Ventas" VALUES (26,4,96,13,66595.51,'Transferencia','2021-08-09',5);
INSERT INTO "Ventas" VALUES (27,19,84,10,29554.08,'Efectivo','2023-12-15',3);
INSERT INTO "Ventas" VALUES (28,6,35,23,91300.56,'Cuenta Corriente','2022-07-20',4);
INSERT INTO "Ventas" VALUES (29,40,61,4,136121.93,'Cheque','2021-05-17',2);
INSERT INTO "Ventas" VALUES (30,5,66,34,146794.16,'Transferencia','2024-01-19',2);
INSERT INTO "Ventas" VALUES (31,22,47,40,50545.31,'Cheque','2021-10-25',8);
INSERT INTO "Ventas" VALUES (32,33,98,10,25422.78,'Cuenta Corriente','2020-07-02',4);
INSERT INTO "Ventas" VALUES (33,4,93,33,75253.81,'Transferencia','2021-12-22',5);
INSERT INTO "Ventas" VALUES (34,5,48,34,136217.07,'Cuenta Corriente','2023-01-01',4);
INSERT INTO "Ventas" VALUES (35,6,3,35,126062.7,'Transferencia','2023-05-17',4);
INSERT INTO "Ventas" VALUES (36,37,29,15,32722.06,'Efectivo','2022-10-20',10);
INSERT INTO "Ventas" VALUES (37,14,27,39,69734.28,'Cuenta Corriente','2023-05-13',3);
INSERT INTO "Ventas" VALUES (38,6,13,31,134192.37,'Efectivo','2020-12-13',4);
INSERT INTO "Ventas" VALUES (39,10,99,34,39502.78,'Cheque','2023-03-25',6);
INSERT INTO "Ventas" VALUES (40,29,56,2,32028.72,'Cuenta Corriente','2024-01-15',10);
INSERT INTO "Ventas" VALUES (41,15,50,18,136028.28,'Cheque','2021-05-22',8);
INSERT INTO "Ventas" VALUES (42,17,85,13,45739.36,'Transferencia','2021-10-11',5);
INSERT INTO "Ventas" VALUES (43,33,57,40,46903.16,'Efectivo','2022-06-19',2);
INSERT INTO "Ventas" VALUES (44,17,63,25,66147.73,'Efectivo','2022-01-18',2);
INSERT INTO "Ventas" VALUES (45,12,83,12,139124.39,'Transferencia','2021-08-01',9);
INSERT INTO "Ventas" VALUES (46,19,78,33,116552.08,'Cheque','2022-03-22',6);
INSERT INTO "Ventas" VALUES (47,22,13,12,31768.94,'Transferencia','2022-02-18',10);
INSERT INTO "Ventas" VALUES (48,19,49,23,36663.05,'Transferencia','2023-11-02',10);
INSERT INTO "Ventas" VALUES (49,16,3,24,97716.65,'Efectivo','2020-08-23',6);
INSERT INTO "Ventas" VALUES (50,10,21,11,147874.52,'Cuenta Corriente','2022-10-09',3);
INSERT INTO "Ventas" VALUES (51,8,84,31,92794.68,'Cheque','2020-11-15',10);
INSERT INTO "Ventas" VALUES (52,9,95,8,43235.91,'Cheque','2020-08-30',7);
INSERT INTO "Ventas" VALUES (53,6,26,37,103343.71,'Cuenta Corriente','2022-12-30',6);
INSERT INTO "Ventas" VALUES (54,40,7,3,24999.19,'Efectivo','2020-07-20',6);
INSERT INTO "Ventas" VALUES (55,7,39,10,146597.78,'Efectivo','2020-04-07',10);
INSERT INTO "Ventas" VALUES (56,11,30,20,79313.5,'Cheque','2022-05-15',8);
INSERT INTO "Ventas" VALUES (57,16,21,22,49583.25,'Cheque','2022-11-15',1);
INSERT INTO "Ventas" VALUES (58,39,53,10,117553.8,'Cheque','2020-08-01',3);
INSERT INTO "Ventas" VALUES (59,24,27,10,135408.77,'Efectivo','2023-02-03',3);
INSERT INTO "Ventas" VALUES (60,2,26,31,41570.13,'Cheque','2024-01-16',3);
INSERT INTO "Ventas" VALUES (61,14,81,11,129356.7,'Cuenta Corriente','2022-10-20',6);
INSERT INTO "Ventas" VALUES (62,18,83,21,62846.25,'Cheque','2023-08-14',8);
INSERT INTO "Ventas" VALUES (63,8,83,25,125583.85,'Cheque','2022-10-19',4);
INSERT INTO "Ventas" VALUES (64,4,83,33,66878.03,'Cuenta Corriente','2021-10-26',9);
INSERT INTO "Ventas" VALUES (65,8,40,14,60061.15,'Cheque','2020-09-13',4);
INSERT INTO "Ventas" VALUES (66,15,35,33,32419.43,'Cuenta Corriente','2021-03-24',1);
INSERT INTO "Ventas" VALUES (67,4,65,36,23172.59,'Cuenta Corriente','2022-09-03',2);
INSERT INTO "Ventas" VALUES (68,6,14,5,103629.59,'Cheque','2023-09-20',9);
INSERT INTO "Ventas" VALUES (69,40,60,11,60196.1,'Efectivo','2020-04-18',7);
INSERT INTO "Ventas" VALUES (70,10,26,23,128320.61,'Cheque','2022-01-23',9);
INSERT INTO "Ventas" VALUES (71,38,11,1,59255.58,'Cheque','2021-08-01',8);
INSERT INTO "Ventas" VALUES (72,1,28,22,118928.52,'Cuenta Corriente','2022-12-23',10);
INSERT INTO "Ventas" VALUES (73,32,54,11,26170.43,'Cuenta Corriente','2022-07-12',3);
INSERT INTO "Ventas" VALUES (74,20,98,16,38981.9,'Transferencia','2023-07-26',9);
INSERT INTO "Ventas" VALUES (75,30,30,10,67941.99,'Efectivo','2020-07-18',5);
INSERT INTO "Ventas" VALUES (76,5,6,8,138068.81,'Transferencia','2021-02-26',10);
INSERT INTO "Ventas" VALUES (77,2,8,27,24621.66,'Efectivo','2021-07-18',1);
INSERT INTO "Ventas" VALUES (78,30,59,15,149253.83,'Transferencia','2022-05-14',7);
INSERT INTO "Ventas" VALUES (79,33,98,28,120275.28,'Transferencia','2023-04-25',2);
INSERT INTO "Ventas" VALUES (80,37,9,37,33648.68,'Efectivo','2022-06-09',8);
INSERT INTO "Ventas" VALUES (81,36,69,16,56083.59,'Cuenta Corriente','2023-11-26',9);
INSERT INTO "Ventas" VALUES (82,36,31,12,11880.51,'Cuenta Corriente','2022-11-20',1);
INSERT INTO "Ventas" VALUES (83,3,37,25,44697.59,'Cheque','2021-07-08',4);
INSERT INTO "Ventas" VALUES (84,27,46,12,109968.91,'Cheque','2023-02-11',2);
INSERT INTO "Ventas" VALUES (85,34,55,10,123296.72,'Efectivo','2021-05-22',7);
INSERT INTO "Ventas" VALUES (86,28,30,12,115529.19,'Efectivo','2022-03-03',9);
INSERT INTO "Ventas" VALUES (87,38,1,4,58748.34,'Cuenta Corriente','2023-01-25',2);
INSERT INTO "Ventas" VALUES (88,34,40,6,135977.44,'Cheque','2024-03-28',9);
INSERT INTO "Ventas" VALUES (89,40,22,19,76770.31,'Efectivo','2023-03-05',4);
INSERT INTO "Ventas" VALUES (90,30,11,1,119877.41,'Cuenta Corriente','2023-06-03',4);
INSERT INTO "Ventas" VALUES (91,6,2,23,140045.45,'Transferencia','2021-01-27',9);
INSERT INTO "Ventas" VALUES (92,33,39,27,131850.28,'Cheque','2023-08-17',9);
INSERT INTO "Ventas" VALUES (93,5,35,39,97415.47,'Cheque','2023-05-16',10);
INSERT INTO "Ventas" VALUES (94,28,99,18,100909.9,'Efectivo','2021-04-08',4);
INSERT INTO "Ventas" VALUES (95,35,85,17,111720.04,'Efectivo','2022-04-07',6);
INSERT INTO "Ventas" VALUES (96,9,87,18,94772.92,'Cheque','2020-08-28',2);
INSERT INTO "Ventas" VALUES (97,30,87,34,134255.26,'Transferencia','2020-09-15',2);
INSERT INTO "Ventas" VALUES (98,21,48,4,74590.68,'Transferencia','2020-07-18',4);
INSERT INTO "Ventas" VALUES (99,37,38,12,105472.35,'Cuenta Corriente','2021-08-25',9);
INSERT INTO "Ventas" VALUES (100,19,98,30,132387.31,'Transferencia','2024-03-07',2);
INSERT INTO "Ventas" VALUES (101,26,38,13,110940.19,'Efectivo','2021-04-09',6);
INSERT INTO "Ventas" VALUES (102,8,93,14,51516.06,'Efectivo','2020-11-18',8);
INSERT INTO "Ventas" VALUES (103,15,25,27,70543.35,'Cheque','2021-09-07',9);
INSERT INTO "Ventas" VALUES (104,17,2,7,129210.74,'Cuenta Corriente','2021-09-12',5);
INSERT INTO "Ventas" VALUES (105,1,96,1,34971.28,'Cuenta Corriente','2021-01-14',7);
INSERT INTO "Ventas" VALUES (106,38,88,8,89661.62,'Transferencia','2020-08-17',3);
INSERT INTO "Ventas" VALUES (107,12,30,38,58955.17,'Cuenta Corriente','2023-01-06',10);
INSERT INTO "Ventas" VALUES (108,37,10,37,46178.13,'Cheque','2024-02-23',8);
INSERT INTO "Ventas" VALUES (109,34,31,2,52645.26,'Efectivo','2023-12-06',2);
INSERT INTO "Ventas" VALUES (110,34,65,33,25002.08,'Transferencia','2022-08-06',1);
INSERT INTO "Ventas" VALUES (111,30,63,5,113690.46,'Cheque','2023-09-15',7);
INSERT INTO "Ventas" VALUES (112,11,30,36,38198.15,'Cuenta Corriente','2023-01-06',8);
INSERT INTO "Ventas" VALUES (113,1,13,22,77225.19,'Cheque','2023-12-27',7);
INSERT INTO "Ventas" VALUES (114,16,28,20,51605.19,'Efectivo','2022-07-18',4);
INSERT INTO "Ventas" VALUES (115,34,1,22,20803.66,'Cheque','2023-01-22',7);
INSERT INTO "Ventas" VALUES (116,13,67,27,49095.99,'Transferencia','2021-11-22',4);
INSERT INTO "Ventas" VALUES (117,2,49,1,84558.47,'Cheque','2021-01-06',6);
INSERT INTO "Ventas" VALUES (118,11,29,35,103074.24,'Efectivo','2020-10-11',6);
INSERT INTO "Ventas" VALUES (119,21,2,23,79686.36,'Efectivo','2021-05-02',5);
INSERT INTO "Ventas" VALUES (120,15,30,34,139145.21,'Cheque','2020-06-16',8);
INSERT INTO "Ventas" VALUES (121,8,15,26,82117.6,'Cuenta Corriente','2022-01-21',9);
INSERT INTO "Ventas" VALUES (122,21,16,39,25967.17,'Cheque','2021-10-21',7);
INSERT INTO "Ventas" VALUES (123,32,73,13,29686.87,'Cheque','2023-12-22',4);
INSERT INTO "Ventas" VALUES (124,17,2,25,102713.83,'Efectivo','2022-06-19',7);
INSERT INTO "Ventas" VALUES (125,34,61,16,127049.09,'Cheque','2020-08-21',8);
INSERT INTO "Ventas" VALUES (126,29,39,32,24923.92,'Cheque','2021-02-09',7);
INSERT INTO "Ventas" VALUES (127,6,56,20,122016.25,'Cheque','2022-08-15',5);
INSERT INTO "Ventas" VALUES (128,16,69,40,125809.09,'Transferencia','2020-11-15',10);
INSERT INTO "Ventas" VALUES (129,11,51,21,75664.86,'Cuenta Corriente','2023-04-11',5);
INSERT INTO "Ventas" VALUES (130,28,27,9,99350.82,'Transferencia','2022-11-05',4);
INSERT INTO "Ventas" VALUES (131,15,39,35,43695.93,'Cuenta Corriente','2022-01-03',3);
INSERT INTO "Ventas" VALUES (132,15,67,5,77124.27,'Transferencia','2023-06-01',2);
INSERT INTO "Ventas" VALUES (133,30,60,13,86164.8,'Cheque','2021-02-19',3);
INSERT INTO "Ventas" VALUES (134,15,74,26,47460.61,'Cheque','2020-04-05',4);
INSERT INTO "Ventas" VALUES (135,19,29,36,54086.88,'Cuenta Corriente','2022-08-31',6);
INSERT INTO "Ventas" VALUES (136,11,17,26,131257.76,'Cheque','2020-06-05',7);
INSERT INTO "Ventas" VALUES (137,14,40,31,119950.97,'Cheque','2020-06-30',8);
INSERT INTO "Ventas" VALUES (138,23,80,3,65194.42,'Cuenta Corriente','2021-07-20',10);
INSERT INTO "Ventas" VALUES (139,39,47,40,73378.4,'Efectivo','2020-10-08',4);
INSERT INTO "Ventas" VALUES (140,15,6,19,93776.54,'Cuenta Corriente','2024-02-15',5);
INSERT INTO "Ventas" VALUES (141,16,81,25,71738.32,'Transferencia','2023-09-29',2);
INSERT INTO "Ventas" VALUES (142,24,18,13,68230.84,'Efectivo','2024-02-13',2);
INSERT INTO "Ventas" VALUES (143,27,67,40,107838.43,'Cuenta Corriente','2023-02-13',9);
INSERT INTO "Ventas" VALUES (144,28,88,21,118396.25,'Transferencia','2020-08-17',8);
INSERT INTO "Ventas" VALUES (145,20,91,7,120222.57,'Transferencia','2020-05-04',6);
INSERT INTO "Ventas" VALUES (146,18,43,23,45384.91,'Cheque','2024-02-13',4);
INSERT INTO "Ventas" VALUES (147,18,9,24,144479.46,'Transferencia','2023-12-06',1);
INSERT INTO "Ventas" VALUES (148,35,75,15,42052.78,'Efectivo','2023-04-09',8);
INSERT INTO "Ventas" VALUES (149,6,71,24,76999.89,'Efectivo','2020-04-07',8);
INSERT INTO "Ventas" VALUES (150,31,49,24,92373.87,'Transferencia','2022-01-30',6);
INSERT INTO "Ventas" VALUES (151,18,1,38,21523.02,'Efectivo','2023-10-22',10);
INSERT INTO "Ventas" VALUES (152,33,89,20,69083.79,'Transferencia','2022-07-02',1);
INSERT INTO "Ventas" VALUES (153,17,53,37,12501.45,'Transferencia','2022-04-11',6);
INSERT INTO "Ventas" VALUES (154,19,27,25,125011.14,'Efectivo','2020-10-30',6);
INSERT INTO "Ventas" VALUES (155,32,74,6,103158.6,'Transferencia','2020-10-25',1);
INSERT INTO "Ventas" VALUES (156,14,94,13,70776.99,'Cheque','2022-05-02',6);
INSERT INTO "Ventas" VALUES (157,40,32,38,92761.34,'Cheque','2020-07-31',1);
INSERT INTO "Ventas" VALUES (158,26,20,26,45529.14,'Cuenta Corriente','2023-06-01',4);
INSERT INTO "Ventas" VALUES (159,21,29,22,131437.59,'Efectivo','2021-04-05',10);
INSERT INTO "Ventas" VALUES (160,14,7,24,60752.98,'Cheque','2023-10-27',3);
INSERT INTO "Ventas" VALUES (161,27,63,9,31940.84,'Efectivo','2020-06-13',2);
INSERT INTO "Ventas" VALUES (162,36,27,18,44318.37,'Efectivo','2020-06-05',10);
INSERT INTO "Ventas" VALUES (163,21,29,12,121433.02,'Cheque','2022-07-09',6);
INSERT INTO "Ventas" VALUES (164,2,96,14,36179.24,'Transferencia','2020-08-07',10);
INSERT INTO "Ventas" VALUES (165,8,49,39,114011.07,'Transferencia','2020-07-13',1);
INSERT INTO "Ventas" VALUES (166,6,72,1,80608.08,'Cuenta Corriente','2022-03-15',6);
INSERT INTO "Ventas" VALUES (167,7,39,5,49615.17,'Cuenta Corriente','2024-01-24',2);
INSERT INTO "Ventas" VALUES (168,31,49,10,119736.44,'Cuenta Corriente','2021-05-30',3);
INSERT INTO "Ventas" VALUES (169,26,69,25,116203.38,'Efectivo','2022-01-27',10);
INSERT INTO "Ventas" VALUES (170,33,41,34,74465.46,'Transferencia','2021-08-02',6);
INSERT INTO "Ventas" VALUES (171,30,75,20,28882.93,'Cuenta Corriente','2023-04-24',4);
INSERT INTO "Ventas" VALUES (172,20,27,29,30623.03,'Efectivo','2023-07-30',4);
INSERT INTO "Ventas" VALUES (173,40,10,31,31882.08,'Cuenta Corriente','2020-04-17',4);
INSERT INTO "Ventas" VALUES (174,30,30,6,103226.22,'Transferencia','2023-10-14',4);
INSERT INTO "Ventas" VALUES (175,31,42,32,149892.99,'Cuenta Corriente','2022-05-03',8);
INSERT INTO "Ventas" VALUES (176,29,1,40,79905.14,'Transferencia','2020-12-20',8);
INSERT INTO "Ventas" VALUES (177,19,28,27,17891.55,'Cheque','2021-04-13',2);
INSERT INTO "Ventas" VALUES (178,10,16,30,139219.46,'Transferencia','2020-04-25',9);
INSERT INTO "Ventas" VALUES (179,24,10,5,72133.63,'Transferencia','2023-09-24',8);
INSERT INTO "Ventas" VALUES (180,14,44,10,41512.58,'Transferencia','2023-07-02',5);
INSERT INTO "Ventas" VALUES (181,22,57,18,63069.01,'Efectivo','2021-11-17',5);
INSERT INTO "Ventas" VALUES (182,33,5,21,141690.07,'Cheque','2021-02-28',9);
INSERT INTO "Ventas" VALUES (183,38,27,19,145713.93,'Cheque','2020-08-21',5);
INSERT INTO "Ventas" VALUES (184,6,66,4,22925.26,'Transferencia','2021-12-26',2);
INSERT INTO "Ventas" VALUES (185,17,64,38,142301.35,'Transferencia','2021-02-28',7);
INSERT INTO "Ventas" VALUES (186,1,39,33,45488.9,'Efectivo','2022-05-01',10);
INSERT INTO "Ventas" VALUES (187,13,5,17,138560.31,'Efectivo','2021-10-16',7);
INSERT INTO "Ventas" VALUES (188,17,14,27,109754.3,'Efectivo','2021-10-31',9);
INSERT INTO "Ventas" VALUES (189,25,92,24,140234.84,'Transferencia','2020-07-23',8);
INSERT INTO "Ventas" VALUES (190,4,45,16,27743.17,'Transferencia','2021-08-05',10);
INSERT INTO "Ventas" VALUES (191,34,69,27,68942.2,'Efectivo','2021-08-04',8);
INSERT INTO "Ventas" VALUES (192,28,66,22,148258.42,'Cheque','2023-07-05',4);
INSERT INTO "Ventas" VALUES (193,17,60,29,30830.18,'Cheque','2022-06-16',5);
INSERT INTO "Ventas" VALUES (194,7,23,28,12470.3,'Transferencia','2022-05-14',9);
INSERT INTO "Ventas" VALUES (195,16,19,38,20721.53,'Transferencia','2022-12-16',4);
INSERT INTO "Ventas" VALUES (196,35,34,34,92764.16,'Cuenta Corriente','2020-10-06',8);
INSERT INTO "Ventas" VALUES (197,11,16,28,126131.36,'Transferencia','2022-08-24',4);
INSERT INTO "Ventas" VALUES (198,18,93,23,85839.44,'Transferencia','2022-08-12',6);
INSERT INTO "Ventas" VALUES (199,16,62,13,51386.52,'Efectivo','2023-10-19',5);
INSERT INTO "Ventas" VALUES (200,4,50,2,145019.79,'Cheque','2021-04-15',2);
INSERT INTO "Ventas" VALUES (201,33,30,36,121803.52,'Cheque','2021-02-14',2);
INSERT INTO "Ventas" VALUES (202,1,76,3,35146.33,'Cuenta Corriente','2023-10-27',5);
INSERT INTO "Ventas" VALUES (203,3,31,40,37845.69,'Cuenta Corriente','2021-05-04',10);
INSERT INTO "Ventas" VALUES (204,2,90,35,130459.85,'Transferencia','2022-06-21',9);
INSERT INTO "Ventas" VALUES (205,40,71,31,119781.07,'Cuenta Corriente','2022-09-04',6);
INSERT INTO "Ventas" VALUES (206,24,36,9,90445.63,'Efectivo','2022-10-24',4);
INSERT INTO "Ventas" VALUES (207,17,26,13,59072.31,'Transferencia','2022-06-25',3);
INSERT INTO "Ventas" VALUES (208,1,23,34,141203.42,'Transferencia','2021-07-12',1);
INSERT INTO "Ventas" VALUES (209,26,79,39,37980.85,'Efectivo','2024-02-17',1);
INSERT INTO "Ventas" VALUES (210,11,51,32,75376.2,'Transferencia','2021-07-09',8);
INSERT INTO "Ventas" VALUES (211,5,17,10,87394.44,'Efectivo','2020-05-08',6);
INSERT INTO "Ventas" VALUES (212,23,59,32,46670.97,'Cheque','2023-12-27',7);
INSERT INTO "Ventas" VALUES (213,33,25,13,95821.11,'Transferencia','2023-09-05',9);
INSERT INTO "Ventas" VALUES (214,37,93,14,118313.46,'Cuenta Corriente','2023-05-16',5);
INSERT INTO "Ventas" VALUES (215,31,7,14,26211.11,'Cheque','2024-02-11',4);
INSERT INTO "Ventas" VALUES (216,2,61,21,116774.82,'Transferencia','2020-11-21',10);
INSERT INTO "Ventas" VALUES (217,8,56,30,100197.18,'Cheque','2022-08-09',8);
INSERT INTO "Ventas" VALUES (218,28,10,19,27460.57,'Cuenta Corriente','2023-10-02',3);
INSERT INTO "Ventas" VALUES (219,24,63,27,121821.56,'Cuenta Corriente','2022-04-07',4);
INSERT INTO "Ventas" VALUES (220,2,23,36,33939.46,'Cuenta Corriente','2023-01-17',9);
INSERT INTO "Ventas" VALUES (221,38,86,19,98647.88,'Cuenta Corriente','2023-06-09',8);
INSERT INTO "Ventas" VALUES (222,2,75,25,13935.29,'Efectivo','2023-06-14',4);
INSERT INTO "Ventas" VALUES (223,24,68,9,31839.52,'Efectivo','2023-09-03',8);
INSERT INTO "Ventas" VALUES (224,10,45,8,23363.27,'Transferencia','2020-11-20',9);
INSERT INTO "Ventas" VALUES (225,8,27,6,116552.48,'Cheque','2021-02-07',6);
INSERT INTO "Ventas" VALUES (226,18,18,29,136104.28,'Efectivo','2022-09-25',10);
INSERT INTO "Ventas" VALUES (227,22,15,26,41915.41,'Cheque','2022-03-01',9);
INSERT INTO "Ventas" VALUES (228,16,25,2,118067.6,'Cheque','2020-08-10',1);
INSERT INTO "Ventas" VALUES (229,19,57,32,24002.28,'Transferencia','2021-08-14',6);
INSERT INTO "Ventas" VALUES (230,19,66,24,120461.5,'Efectivo','2022-02-18',8);
INSERT INTO "Ventas" VALUES (231,23,14,17,137315.08,'Efectivo','2023-08-23',6);
INSERT INTO "Ventas" VALUES (232,33,1,31,55351.15,'Cuenta Corriente','2023-10-01',1);
INSERT INTO "Ventas" VALUES (233,1,48,5,81058.86,'Efectivo','2020-06-13',9);
INSERT INTO "Ventas" VALUES (234,4,98,17,95130.52,'Efectivo','2022-06-24',3);
INSERT INTO "Ventas" VALUES (235,32,38,23,134795.25,'Efectivo','2022-08-28',3);
INSERT INTO "Ventas" VALUES (236,17,33,21,136457.95,'Transferencia','2020-10-16',1);
INSERT INTO "Ventas" VALUES (237,33,95,19,61207.99,'Cheque','2022-01-01',10);
INSERT INTO "Ventas" VALUES (238,31,72,15,52200.96,'Cheque','2024-03-20',10);
INSERT INTO "Ventas" VALUES (239,2,5,2,28025.21,'Cuenta Corriente','2023-01-21',8);
INSERT INTO "Ventas" VALUES (240,15,76,8,82133.8,'Transferencia','2022-01-05',3);
INSERT INTO "Ventas" VALUES (241,5,19,2,147727.38,'Cuenta Corriente','2023-03-18',8);
INSERT INTO "Ventas" VALUES (242,21,71,17,104339.34,'Transferencia','2020-11-02',1);
INSERT INTO "Ventas" VALUES (243,7,88,18,130824.01,'Cheque','2023-02-06',6);
INSERT INTO "Ventas" VALUES (244,10,73,19,80864.94,'Transferencia','2021-05-27',4);
INSERT INTO "Ventas" VALUES (245,40,79,34,110646.39,'Efectivo','2022-09-21',7);
INSERT INTO "Ventas" VALUES (246,10,5,23,99985.11,'Cuenta Corriente','2020-04-06',6);
INSERT INTO "Ventas" VALUES (247,38,60,4,66663.77,'Cuenta Corriente','2020-07-11',6);
INSERT INTO "Ventas" VALUES (248,23,14,27,104216.52,'Efectivo','2021-03-13',4);
INSERT INTO "Ventas" VALUES (249,1,27,34,35578.92,'Cheque','2021-11-29',9);
INSERT INTO "Ventas" VALUES (250,24,78,5,59311.33,'Transferencia','2022-03-15',8);
INSERT INTO "Ventas" VALUES (251,29,4,20,67211.04,'Cheque','2021-10-15',5);
INSERT INTO "Ventas" VALUES (252,14,76,26,81798.21,'Cheque','2023-08-21',1);
INSERT INTO "Ventas" VALUES (253,40,94,2,37948.16,'Transferencia','2021-12-22',6);
INSERT INTO "Ventas" VALUES (254,11,82,5,48335.35,'Cheque','2021-02-19',7);
INSERT INTO "Ventas" VALUES (255,28,32,33,95793.56,'Cuenta Corriente','2021-10-25',1);
INSERT INTO "Ventas" VALUES (256,30,38,37,95091.16,'Cheque','2023-01-17',1);
INSERT INTO "Ventas" VALUES (257,17,17,40,13745.14,'Cuenta Corriente','2023-07-08',10);
INSERT INTO "Ventas" VALUES (258,31,17,4,109849.31,'Cuenta Corriente','2023-03-08',1);
INSERT INTO "Ventas" VALUES (259,35,3,27,64439.22,'Cheque','2020-11-21',6);
INSERT INTO "Ventas" VALUES (260,24,51,36,31279.29,'Cuenta Corriente','2021-12-10',5);
INSERT INTO "Ventas" VALUES (261,27,100,38,39939.99,'Efectivo','2022-05-27',10);
INSERT INTO "Ventas" VALUES (262,15,55,24,133204.67,'Transferencia','2021-10-28',4);
INSERT INTO "Ventas" VALUES (263,6,32,8,108840.86,'Transferencia','2020-08-08',7);
INSERT INTO "Ventas" VALUES (264,31,76,1,70431.78,'Cuenta Corriente','2022-01-04',9);
INSERT INTO "Ventas" VALUES (265,30,36,12,90780.96,'Transferencia','2023-10-18',7);
INSERT INTO "Ventas" VALUES (266,11,73,17,21148.53,'Cheque','2021-01-24',1);
INSERT INTO "Ventas" VALUES (267,28,78,2,41640.78,'Efectivo','2023-12-09',1);
INSERT INTO "Ventas" VALUES (268,4,70,33,57168.33,'Cuenta Corriente','2022-01-10',9);
INSERT INTO "Ventas" VALUES (269,38,74,11,71363.5,'Transferencia','2021-06-04',6);
INSERT INTO "Ventas" VALUES (270,16,18,10,73473.27,'Cuenta Corriente','2022-10-12',9);
INSERT INTO "Ventas" VALUES (271,8,11,35,106351.75,'Cuenta Corriente','2022-03-23',10);
INSERT INTO "Ventas" VALUES (272,35,33,4,88133.95,'Cheque','2020-11-03',7);
INSERT INTO "Ventas" VALUES (273,22,2,2,34925.79,'Transferencia','2023-12-08',2);
INSERT INTO "Ventas" VALUES (274,29,29,9,36560.97,'Transferencia','2022-12-19',5);
INSERT INTO "Ventas" VALUES (275,10,54,26,138915.38,'Cheque','2024-03-17',5);
INSERT INTO "Ventas" VALUES (276,22,31,3,86260.81,'Cuenta Corriente','2020-04-11',7);
INSERT INTO "Ventas" VALUES (277,35,96,28,145679.92,'Cheque','2022-03-03',7);
INSERT INTO "Ventas" VALUES (278,20,24,30,62704.37,'Transferencia','2022-11-30',7);
INSERT INTO "Ventas" VALUES (279,17,7,16,27540.49,'Efectivo','2021-09-13',4);
INSERT INTO "Ventas" VALUES (280,30,19,5,137955.29,'Cheque','2021-03-30',4);
INSERT INTO "Ventas" VALUES (281,7,7,15,102507.41,'Transferencia','2023-09-20',4);
INSERT INTO "Ventas" VALUES (282,19,95,12,10940.71,'Transferencia','2021-04-07',1);
INSERT INTO "Ventas" VALUES (283,35,91,10,103892.18,'Transferencia','2022-11-25',7);
INSERT INTO "Ventas" VALUES (284,27,24,25,14819.0,'Cheque','2023-10-07',10);
INSERT INTO "Ventas" VALUES (285,1,76,21,134459.14,'Cheque','2022-07-13',8);
INSERT INTO "Ventas" VALUES (286,10,54,36,111746.08,'Efectivo','2022-02-25',2);
INSERT INTO "Ventas" VALUES (287,14,73,39,11673.7,'Transferencia','2022-03-30',10);
INSERT INTO "Ventas" VALUES (288,27,29,2,78382.6,'Efectivo','2022-02-19',2);
INSERT INTO "Ventas" VALUES (289,32,72,14,146687.14,'Cuenta Corriente','2022-11-10',6);
INSERT INTO "Ventas" VALUES (290,39,45,12,125623.17,'Transferencia','2024-01-11',7);
INSERT INTO "Ventas" VALUES (291,22,53,7,112905.5,'Transferencia','2023-07-24',8);
INSERT INTO "Ventas" VALUES (292,40,22,17,84770.06,'Efectivo','2022-07-06',2);
INSERT INTO "Ventas" VALUES (293,27,18,36,17905.79,'Transferencia','2021-05-14',8);
INSERT INTO "Ventas" VALUES (294,1,62,38,98598.15,'Cuenta Corriente','2020-06-04',7);
INSERT INTO "Ventas" VALUES (295,30,85,33,54591.04,'Cheque','2022-09-12',5);
INSERT INTO "Ventas" VALUES (296,18,73,29,21383.63,'Transferencia','2021-09-11',7);
INSERT INTO "Ventas" VALUES (297,3,63,7,56113.84,'Cheque','2022-09-20',2);
INSERT INTO "Ventas" VALUES (298,33,64,36,86420.02,'Cheque','2021-09-24',1);
INSERT INTO "Ventas" VALUES (299,11,22,32,132522.01,'Transferencia','2023-12-05',10);
INSERT INTO "Ventas" VALUES (300,40,67,32,48478.4,'Cheque','2022-10-13',5);
COMMIT;
